id,target1,target2,target3,target4,target_s1,target_s2,target_s3,target_s4
1000|BGC0000326|AAK81826.1_AMP-binding.3|tyrosine,ASLGFDAAVSE,VTVP,VVAGE,AYGPTETTVCA,20001211011,1112,11211,11211112111
1001|BGC0000326|AAK81827.1_AMP-binding.1|4-hydroxyphenylglycine,APHAFDASLFE,LTAG,LTGGD,LYGPTETTLCA,20001211011,1112,11211,11211112111
1003|BGC0000327|SAMR0901_AMP-binding.1|guanidinoacetic-acid,ASIGFSVAAEE,LQLT,VVGSE,EYGATEGTVSQ,20001211011,1112,11211,11211112111
1004|BGC0000327|SAMR0921_AMP-binding.1|4-acetamidopyrrole-2-carboxylic-acid,VPLLHSFGMVA,LVAA,LSSGA,VYGCTEAGVIA,20001011011,1111,11211,11211112110
1005|BGC0000328|AAQ93484.1_AMP-binding.1|isoleucine,SSIGFDAALFE,LLLT,YVGGE,GYGPTENTVFS,20001211011,1112,11211,11211112111
1006|BGC0000329|crpC_AMP-binding.2|isoleucine,SNPAFDASTME,LFVT,LCGGE,CYGPTETTTFA,20001211011,1112,11211,11211112111
1014|BGC0000333|Sare_4562_AMP-binding.2|leucine,SSPSVDASVLE,AHIP,SVGAE,AYGPTECTVAA,20001211011,1112,11211,11211112111
1018|BGC0000333|Sare_4562_AMP-binding.6|leucine,SSPSFDAAVLE,ALIP,IVGAE,AYGPTEATVVA,20001211011,1112,11211,11211112111
1020|BGC0000336|dptA_AMP-binding.1|tryptophan,ISPGFDVFVSE,TSLT,IVGGE,AYGPTETTVEA,20001211011,1112,11211,11211112111
1022|BGC0000336|dptA_AMP-binding.3|aspartic-acid,SSLAFDLTVTV,LKAT,LLGGE,AYGPTELTVNC,20001211011,1112,11211,11211112111
1024|BGC0000336|dptA_AMP-binding.5|glycine,TTVGFDIAGLE,VQAT,LVGGE,VYGPTEATIWA,20001211011,1112,11211,11211112111
1031|BGC0000336|dptD_AMP-binding.1|glutamic-acid,SPVSFDLTVGA,MKAT,TLGGE,VYGPTETTINC,20001211011,1112,11211,11211112111
1032|BGC0000336|dptD_AMP-binding.2|kynurenine,VSTSFDASVWD,VTLP,TVTGD,GYGPTEVTVGA,20001211011,1112,11211,11211112111
1033|BGC0000339|ecm1_AMP-binding.1|quinoxaline-2-carboxylic-acid,NPVAHQAALAC,TTVV,QVGSA,WYGISEGLLTH,20000211011,1112,11211,11211111111
1034|BGC0000339|ecm6_AMP-binding.1|serine,TSASFDVSVWE,AHFV,VCSGE,LYGPTEAAVDV,20001211011,1112,11211,11211112111
1036|BGC0000339|ecm7_AMP-binding.1|cysteine,TSLGFDLSVFD,WDSV,FLSGD,LGGATEATVWS,20001211011,1112,11211,11111112111
1037|BGC0000339|ecm7_AMP-binding.2|valine,SPHTFDASTYE,LWLT,WAGGD,GYGPTETTTFA,20001211011,1112,11211,11211112111
1039|BGC0000340|echA_AMP-binding.1|phenylpyruvic-acid,ISYDHVAALLE,TFTP,IVSGG,AFGMTETCAGS,20002211011,1112,11221,11211112111
1040|BGC0000341|endA_AMP-binding.1|aspartic-acid,SSTAFDLAVTG,VKVV,VVGGE,HYGPTETTVGC,20001210011,1112,11211,11211112111
1048|BGC0000341|endC_AMP-binding.1|enduracididine,ASAGFDAFCEE,ATLP,DVGGE,SYGPSEATVNV,20001210011,1112,11211,11211112111
1052|BGC0000341|endC_AMP-binding.5|glycine,TTVSFDIHVLE,MQAT,LVGGE,LYGPTEVTVWA,20001211011,1112,11211,11211112111
1073|BGC0000349|SACE_3035_AMP-binding.1|ornithine,ASVGFDVAVWE,LALP,LVGTE,AYGLTEATVNS,20001211011,1112,11211,11211112111
"1089|BGC0000354|pstA_AMP-binding.1|2,4-diaminobutyric-acid",ASQCFDISLWQ,AQIV,SVTGE,AYGATEVSDDT,20001211011,1112,11211,11211112111
1091|BGC0000354|pstB_AMP-binding.2|pipecolic-acid,LAVSFDFAVQE,LFAP,FQGGE,VYGPAETHAVT,20001211011,1112,11211,11211112111
1098|BGC0000354|pstD_AMP-binding.1|valine,SPQAFDASAYE,LWLT,WTGGD,GYGPTETTTFA,20001211011,1112,11211,11211112111
1100|BGC0000359|Tfu_1865_AMP-binding.1|ornithine,VSFSFDMSWEE,INVT,LLGGE,LYGPTEYTINT,20001211011,1112,11211,11211112111
1104|BGC0000359|Tfu_1867_AMP-binding.1|arginine,GSFGFDASWDQ,LDFT,SFGGE,CYGPTENTVDA,20001210010,1112,11211,11211112111
"1105|BGC0000359|Tfu_1871_AMP-binding.1|2,3-dihydroxybenzoic-acid",LPAVHNFPMSS,TAVV,QVGGA,VFGMAEGLVNY,20001211010,1112,11211,11211112111
1109|BGC0000360|getJ_AMP-binding.1|histidine,PSLAFDSSVAD,MTTV,TVAGE,EYGPTECSVGA,20001211011,1112,11211,11211112111
1113|BGC0000362|pstA_AMP-binding.2|threonine,HSLAFDFSVWE,LSQT,VFGGE,MYGITETTVHA,20001211011,1112,11211,11211112111
1115|BGC0000362|pstB_AMP-binding.2|alaninol,HSLVFDVSVHE,LSQT,VVAGE,AYGPTEATVYA,20001211011,1112,11111,11211112111
1120|BGC0000363|mps2_AMP-binding.2|alaninol,GSLVFDITVWE,LFQT,VVAGE,GYGPTETTIYA,20001211011,1112,11211,11211112111
1130|BGC0000366|gobK_AMP-binding.1|salicylic-acid,LPIAHNFPLAC,TALV,QAGGS,VFGMAEGLLNY,20001211010,1112,11211,11211111111
1132|BGC0000366|gobR_AMP-binding.2|lysine,ASFAFDASLDP,LDLT,GPGAD,FYGPTECTVDS,10001210010,1112,11211,11211112111
1157|BGC0000374|AEH41793.1_AMP-binding.1|3-(trans-2-nitrocyclopropyl)alanine,SSPSYDPVVIE,AVIP,VAGGE,GYGPTEVTVAC,20001211011,1112,11211,11211112111
1162|BGC0000374|AEH41794.1_AMP-binding.2|valine,SAHSFDGSTYE,VFLT,WTGGE,VYGPTETTTFA,20001211011,1112,11211,11211112111
1163|BGC0000374|AEH41794.1_AMP-binding.3|proline,APLHFDVSMQE,FFAP,SQAGE,HYGPSETHGAT,20001211011,1112,11211,11211112111
1165|BGC0000376|fmoA1_AMP-binding.1|tryptophan,VSPAFDGWLWC,VCLT,VVAGE,VYGPTEATIAA,20001211011,1112,11211,11211112111
1177|BGC0000378|ktzH_AMP-binding.3|tryptophan,LSPAFDVSLCE,ASIP,ATGGE,IYGQTETSAAV,20001211011,1112,11211,11211112111
1204|BGC0000385|AEH59099.1_AMP-binding.2|leucine,AGVAFDACTWE,GFLV,LTGGD,NYGPTETTVVA,20001211011,1112,11211,11211112111
1205|BGC0000385|AEH59099.1_AMP-binding.3|phenylalanine,ASFSFDASVFE,LTLT,VVAGD,AYGPTESTIWA,20001211011,1112,11211,11211112111
1208|BGC0000385|AEH59100.1_AMP-binding.2|arginine,VSPTFDVSVEE,ANLP,VIGGD,AYGPTETTINA,20001211011,1112,11211,11211112111
1210|BGC0000385|AEH59100.1_AMP-binding.4|threonine,HSYAFDFTVWE,LNQT,VFGGE,MYGITETCVHV,20001211011,1112,11211,11211112111
1211|BGC0000385|AEH59100.1_AMP-binding.5|glycine,TTLSFDIAALE,LQAT,LIGGE,MYGPTETTVWS,20001211011,1112,11211,11211112111
1212|BGC0000385|AEH59100.1_AMP-binding.6|asparagine,SPVAFDATVTS,IKIT,VVGGE,EYGPTETVVGC,20001211011,1112,11211,11211112111
1222|BGC0000388|mppB_AMP-binding.2|enduracididine,SSISVDLFFSD,MVTV,MVGSE,AYGSTETTVDS,20001211011,1112,11211,11211112111
1225|BGC0000392|Amir_2719_AMP-binding.2|ornithine,ASTSFDVAFWQ,VNLL,VVGAE,AYGPTEVTVNS,20001211011,1112,11211,11211112111
1226|BGC0000392|Amir_2719_AMP-binding.1|arginine,YSFAFDSALDQ,VDTT,VLGGE,AYGPTESTVDA,20001110010,1112,11211,11211112111
"1227|BGC0000392|Amir_2726_AMP-binding.1|2,3-dihydroxybenzoic-acid",LPVAHNYPMSS,TGVV,LVGGA,VFGMAEGLVCY,20001211010,1112,11211,11211121111
1228|BGC0000394|AGD80616.1_AMP-binding.1|tyrosine,PPLCFDGAAGG,VHAV,AVGGE,DYGPTECAVWA,20001211011,1112,11211,11211112111
1233|BGC0000395|nocA_AMP-binding.1|4-hydroxyphenylglycine,ASPAFDIAVWE,AHFV,VCGGE,AYGPTETTITV,20001211011,112,11211,11211112111
1235|BGC0000395|nocA_AMP-binding.3|4-hydroxyphenylglycine,AAVGFDISLWE,LHLV,VCGGE,TYGPTEASIIV,20001211011,1112,11211,11211112111
1238|BGC0000398|ofaA_AMP-binding.1|leucine,AGFGFDAMAWE,SFLP,LVGGD,NYGPTEATVVA,20001211011,1112,11211,11211112111
1239|BGC0000398|ofaA_AMP-binding.2|glutamic-acid,APFSFDGSVWE,VKFV,FCGGG,VYGPTEATVDS,20001211011,1112,11211,11211112111
124|BGC0000971|cinB_AMP-binding.1|alanine,SSVCFDLAVME,LNTV,VLGGE,GYGPTEGTVFC,20001211011,1111,11211,11211112111
125|BGC0000972|clbN_AMP-binding.1|asparagine,SSLSFDLTITT,IKLT,VVGGE,EYGPTEATVGC,20001211011,1112,11211,11211112111
1276|BGC0000402|ERIC2_c18760_AMP-binding.4|proline,AAMSFDVCYQE,AFLP,ITAGE,HYGPSETHVVT,20001211011,1112,11211,11211112111
1277|BGC0000402|ERIC2_c18760_AMP-binding.3|glutamine,APFYFDASVQQ,SDGT,LIGGE,VYGPTETCVDA,20001211011,1112,11211,11211112111
1279|BGC0000402|ERIC2_c18760_AMP-binding.1|tyrosine,YPYVFDAFILN,GFAT,VVGGE,EYGPTENSVVS,20001211011,111,11211,11211112111
"1281|BGC0000403|plpD_AMP-binding.1|2,4-diaminobutyric-acid",ASFSFDVFVGD,FEST,ITSSD,AYGVTEAAIDS,20001211011,1112,11211,11211112111
1282|BGC0000403|plpE_AMP-binding.1|isoleucine,SSYSFDGSTFD,MFIT,LFGGE,VYGPTESTVFA,20001211011,1112,11211,11211112111
1287|BGC0000403|plpE_AMP-binding.6|valine,GAVVFDASTFE,MWLT,IVGGD,GYGPTENTTFS,20001211011,1112,11211,11211112111
128|BGC0000972|clbJ_AMP-binding.1|glycine,TTPTFDISFLE,MQAT,LAGGE,LYGPTETTIWS,20001011011,1112,11211,11211112111
1314|BGC0000409|AEA29643.1_AMP-binding.1|3-methoxyanthranilic-acid,AQPTFAASTTD,LHLS,LVSGD,AFGCTENSTLT,20001211011,1112,11211,11211112111
1315|BGC0000409|AEA29644.1_AMP-binding.1|proline,MPPAFDVFTLE,AYFP,YVTGE,AYGPSEAHLCS,20001011011,1112,11211,11211112111
1321|BGC0000411|psoB_AMP-binding.3|glutamine,TPVSFDASVWE,VQFV,VCGGG,VYGPTETTVDC,20001211011,1112,11211,11211112111
1345|BGC0000414|qcn19_AMP-binding.1|tyrosine,MPLCFDGSMSG,VHSI,SVGGE,DYGPTETTVWA,20001211011,1112,11211,11211112111
1351|BGC0000415|qui18_AMP-binding.1|tryptophan,ASISFDAAFWD,ATLP,VSTGD,GYGPTEVTVGI,20001211011,1112,11211,11211112111
1368|BGC0000422|sfmA_AMP-binding.1|alanine,TPTTFDLSVFE,LNTV,NVAGE,LYGPSETTTYS,20001211011,1112,11211,11211112111
1369|BGC0000422|sfmB_AMP-binding.1|glycine,TTTAFDISLLE,AQAT,LCGGE,LYGPTETTIWS,20001211011,1112,11211,11211112111
1383|BGC0000425|sesA_AMP-binding.2|proline,AALGFDVAFQE,LYLP,ITAGE,HYGPTESHVTT,20001211011,1112,11211,11211112111
1397|BGC0000425|sesC_AMP-binding.4|homoserine,TSHSFDLTQKN,INLA,VLGGE,SYGPTECSDVV,20001211011,1112,11211,11211112111
"1398|BGC0000425|sesC_AMP-binding.5|2,4-diaminobutyric-acid",NTLNFDLSVEE,LHLT,NVTGD,TYGPTEATVSC,20001211011,1112,11211,11211112111
1399|BGC0000425|sesC_AMP-binding.6|lysine,ATINFDASIEE,ISLP,VVGGE,TYGPTEATIIA,20001211011,1112,11211,11211112111
1401|BGC0000426|sevB_AMP-binding.1|alanine,TNYTFDVSVTE,INFV,FSAGE,LYGPTESTIYA,20001211011,1112,11211,11211112111
1415|BGC0000316|cmno_AMP-binding.1|beta-lysine,ASLVWDTSGEE,VDLP,VVGGE,TYGQTETVMVT,20001211011,1112,11211,11211112111
1418|BGC0000433|srfAA_AMP-binding.2|leucine,SNYVFDAFMFD,LMIT,MFGGE,MYGPSESTVFA,20001211011,1112,11211,11211112111
141|BGC0000984|Daci_4753_AMP-binding.5|ornithine,MSFSFDGAHER,AAFP,VFGGE,GYGPTETVVTP,20001211011,1112,11211,11211112111
1420|BGC0000433|srfAB_AMP-binding.1|valine,GAVSFDAGTFE,MWLT,IIGGD,GYGPTENTTFS,20001211011,1112,11211,11211112111
1421|BGC0000433|srfAB_AMP-binding.2|aspartic-acid,SSYAFDLGYTA,MKLT,VLGGE,HYGPTETTIGA,20001211011,1112,11211,11211112111
1423|BGC0000433|srfAC_AMP-binding.1|leucine,SNYAFDAFTFD,MFAT,LFGGE,CYGPTEGTVFA,20001211011,1112,11211,11211112111
1425|BGC0000434|swb12_AMP-binding.1|quinaldic-acid,NPAAHNAALGC,TTVV,QVGSA,WYGISEGMLTH,20002211211,1112,11211,11211112111
142|BGC0000984|Daci_4753_AMP-binding.4|arginine,ATLNFDGCIEQ,ADLT,HVGGE,AYGPTEATVTA,20001211011,1112,11211,11211112111
1441|BGC0000437|Psyr_2608_AMP-binding.8|aspartic-acid,AGFFFDMSIKG,FDST,LLGGE,MYGPTECTVDA,20001111110,1112,11211,11211112111
144|BGC0000984|Daci_4753_AMP-binding.2|ornithine,AAFGFDVSAWE,LNFV,ICGGE,LYGPTEAAIHV,20001211011,1112,11211,11211112111
148|BGC0000984|Daci_4754_AMP-binding.1|aspartic-acid,STVAADLGHTV,LKIV,VLGGE,HYGPTETTVGI,20001211110,1111,11211,11211112111
1517|BGC0000441|teiC_AMP-binding.1|4-hydroxyphenylglycine,ASHAFDISLFE,LTAG,LTGGD,LYGPTETTLCA,20001211011,1112,11211,11211112111
1566|BGC0000449|triD_AMP-binding.3|glycine,TTISFDIFVLE,LQMT,MVGGE,MYGPTETTVWS,20001211011,1112,11211,11211112111
1573|BGC0000449|triD_AMP-binding.10|glutamic-acid,SAFVFDASVKQ,SDGT,LIGGE,VYGPTETTVDA,20001211011,1112,11211,11211112111
1605|BGC0000455|vcm3_AMP-binding.3|tyrosine,SAIGFDAMVSE,LTVS,LTGGE,AYGPTETTICS,20001211011,1112,11211,11211112111
1627|BGC0000461|AEP18656.1_AMP-binding.2|asparagine,LSAAFDGSVTV,LKLT,LLGGE,EYGPTEATVGC,20001211011,1112,11211,11211112111
1684|BGC0001117|hmtK_AMP-binding.1|2-ketoisovaleric-acid,MPFDHVTVAMY,LWAP,TNAGE,VWGMSETCSGV,20012211011,1112,11211,11211112111
1695|BGC0001127|jagD_AMP-binding.2|histidine,SPVSFDSSVAL,LLCV,IVAGE,EYGPTEGTVWA,20001211011,1112,11211,11211112111
1703|BGC0001131|Xmir_01407_AMP-binding.3|phenylalanine,CNPCFDVSVSE,MTTP,CIGGE,CYGPTETTIIT,20001211011,1112,11211,11211112111
1704|BGC0001131|Xmir_01407_AMP-binding.4|leucine,AALGFDASIWE,TYLP,ILGGE,VYGPTEITVCA,20001211011,1112,11211,11211112111
1706|BGC0001131|Xmir_01407_AMP-binding.6|lysine,SSFAFDASIEE,MSLP,IIGGE,TYGPTENTVIA,20001211011,1112,11211,11211112111
1718|BGC0001135|nrpS_AMP-binding.1|arginine,AAFAFDVAVEE,MLLP,IIGSE,AYGPTENTVTA,20001211011,1112,11211,11211112111
1778|BGC0001207|AJF34464.1_AMP-binding.3|alanine,TSLNFDLAVFE,VNTV,NVAGE,LYGPSETTTYS,20001211011,1112,11211,11211112111
1781|BGC0001211|AMYAL_RS0130210_AMP-binding.1|ornithine,ASTGFDVTVWD,MILP,IVGTE,AYGLTEATVNS,20001211011,1112,11211,11211112111
1786|BGC0001211|AMYAL_RS0130210_AMP-binding.6|ornithine,WSFSFDASWQP,IEVT,GVGGE,LYGPTESTVDA,10001211010,1112,11211,11211112111
1813|BGC0001233|fegS_AMP-binding.3|aspartic-acid,QAQATDLGNTV,VKAV,VLGGE,HYGPTETTIGV,20001211011,1112,11211,11211112111
1817|BGC0001297|cal18_AMP-binding.2|phenylalanine,AAPSFDAAAWE,ATLT,VLAGE,AYGPTETTVCA,20001211011,1112,11211,11211112111
181|BGC0001005|locC_AMP-binding.1|tyrosine,INYAFDGFVLL,YFSV,TLVGE,RYGPSENTVET,20001211011,1112,11211,11211112111
1829|BGC0001341|A7979_04520_AMP-binding.1|pyruvic-acid,LAIEHVVGLIH,TWAP,INAGE,EWGMSETCNMV,20002211011,1112,12211,11211122111
182|BGC0001005|locC_AMP-binding.2|valine,GSPVFDAITFE,MWLT,IVGGD,AYGPTENTTFS,20001211011,1112,11211,11211112111
1831|BGC0001341|A7979_04525_AMP-binding.1|2-ketoisovaleric-acid,MPLDHAAGILM,TWAP,INAGE,AWGMAETCSGV,10001111011,1112,12211,11211112111
1852|BGC0001368|IF33_RS0114870_AMP-binding.1|6-chloro-4-hydroxy-1-methyl-indole-3-carboxylic-acid,SGLHFDASIYD,WNSV,VLSGD,SGGPTETICWS,20001211011,1112,11211,11211112111
1862|BGC0001370|cda2PS3_AMP-binding.1|glutamic-acid,ASASFDQSVGS,MKGT,TLGGE,VYGPTEATGHC,1211011,1112,11211,11211112111
1888|BGC0001393|SLUG_08100_AMP-binding.2|tryptophan,IVMNFDPSIFD,FSMT,IIGGE,MYGPTESTIIS,20001211011,1112,11211,11211112111
188|BGC0001014|RSc1806_AMP-binding.1|cysteine,SALYFDLSVYD,WNSV,FLSGD,MGGATEASIWS,20001211011,1112,11211,11211112111
1890|BGC0001393|SLUG_08130_AMP-binding.1|valine,SSLAFDACFFE,SWFT,FVGGE,GYGPTENTTFT,20001211011,1112,11211,11211112111
1893|BGC0001406|tlo20_AMP-binding.2|serine,TPIGFDVSVPE,VHFV,FCSGE,LYGPTEASIEV,20001211011,1112,11211,11211112111
189|BGC0001014|RSc1811_AMP-binding.1|cysteine,SALGFDLAIYD,WNSV,MLSGD,LGGATEAAIWS,20001211011,1112,11211,11211112111
1900|BGC0001406|tlo21_AMP-binding.5|tryptophan,VSPNFDAAIGD,TALP,LMGGE,VYGATESTVLT,20001211011,1112,11211,11211112111
1901|BGC0001406|tlo22_AMP-binding.1|leucine,ATLAFDASTYE,ALLT,TTGGD,LYGPTEITMNA,20001211011,1112,11211,11211112111
1903|BGC0001413|cysG_AMP-binding.1|para-aminobenzoic-acid,TSTSFAISVKE,LYTF,YISIE,IYGCTEINDVT,20001211011,1112,11211,11211112111
1904|BGC0001413|cysG_AMP-binding.2|para-aminobenzoic-acid,TSTAFAVSMKE,LYTL,ILAGE,NYGCTEVNDIS,20001211011,1112,11211,11211112110
190|BGC0001017|mcyG_AMP-binding.1|cinnamic-acid,MPLDHVGAIVF,SWSP,VNAGE,AFGMTESCSGI,20001211011,1112,12211,11211112111
1912|BGC0001414|griA_AMP-binding.5|proline,TTISFDVSAQE,LFAP,AQGGE,HYGPTETHAVT,20001211011,1112,11211,11211112111
1920|BGC0001414|griC_AMP-binding.1|glycine,TTFAFDIATLE,MQAT,LTGGE,VYGPTETTIWS,20001211011,1112,11211,11211112111
195|BGC0001017|mcyB_AMP-binding.2|aspartic-acid,AQINFDAYLRE,LHTV,VLGGE,IYGASETTFVK,20001211011,1112,11211,11211112111
1960|BGC0001448|mlcK_AMP-binding.2|valine,SPHAFDAATYE,LWLT,WTGGD,GYGPTETTTFA,20001211011,1112,11211,11211112111
1961|BGC0001448|mlcL_AMP-binding.1|lysine,ASLSFDTSWDG,MDVT,MLGGE,YYGPTETTVDA,20001211111,1112,11211,11211112111
197|BGC0001019|mscF_AMP-binding.1|asparagine,GSIAFDATLTS,VKLT,ILGGE,EYGPTEAVVGC,20001211011,1112,11211,11211112111
199|BGC0001019|mscH_AMP-binding.2|tryptophan,VSLSFDVATSD,LQIP,VVGGE,AYGPTEATVAV,20001211011,1112,11211,11211112111
"2016|BGC0001502|AHA_2478_AMP-binding.1|2,3-dihydroxybenzoic-acid",LPAPHNFPLSS,TSLV,QVGGA,VFGMAEGLVNY,20001211011,1112,11211,11211122111
2026|BGC0001509|A8O26_RS13975_AMP-binding.2|aspartic-acid,APYSFDSSVWE,VKFV,LNGGG,VYGPTETTVDS,20001211011,1112,11211,11211112111
2041|BGC0001532|ATY37596.1_AMP-binding.1|2-ketoisovaleric-acid,MPLEHVGGLVM,TWAP,LNGGE,SFGMSETSSGI,20002211011,1112,12211,11211112111
2043|BGC0001536|ATY37608.1_AMP-binding.2|phenylalanine,ASMSFDAACAE,AALP,ITAGS,AYGPTEDTICS,20001211011,1112,11211,11211212111
2046|BGC0001536|ATY37608.1_AMP-binding.5|ornithine,ASFAFDVFTGD,FEST,IVGSD,SYGVTEACIDS,20001211011,1112,11211,11211112111
2062|BGC0001567|SLINC_0744_AMP-binding.2|aspartic-acid,ATLSFDATVTT,LKAT,MLGGE,HYGPTELTVGC,20001211011,1112,11211,11211112111
2069|BGC0001569|SNOUR_12645_AMP-binding.1|tryptophan,ASPNFDVSIAD,AMIP,ATGGE,AYGPTEATVTV,20001211011,1112,11211,11211112111
2079|BGC0001582|AIW58892.1_AMP-binding.12|phenylalanine,ASPGFDAWVWE,VTLP,VVAGE,AYGPTESTVCV,20001211011,1112,11211,11211112111
2081|BGC0001582|AIW58892.1_AMP-binding.10|tryptophan,SSPSFDVSFAE,LLIA,VIGGE,AYGPTECTVHV,20001211011,1112,11211,11211112111
2104|BGC0001608|AAW51_2721_AMP-binding.5|valine,ANPVFDAATWE,LWLT,ITGGD,GYGPTETTTFA,20001211011,1112,11211,11211112111
2114|BGC0001628|orf6_AMP-binding.3|phenylalanine,SAPGFDASVIE,AVLA,LMGGE,GYGPTECTVCA,20001210011,1112,11211,11211112111
2149|BGC0001641|PLU_RS13235_AMP-binding.2|alanine,TSMNFDLSIFE,INSV,NLAGE,LYGPSETTTYS,20001211011,1112,11211,11211112111
214|BGC0001023|mchC_AMP-binding.2|alanine,AVLNTGASLQE,LFLP,ITAGE,QYTLAEASVAA,1211011,1112,11211,11211112110
2160|BGC0001657|lesA_AMP-binding.2|arginine,APFAFDTAVEG,VDLT,VLGGE,AYGPTEYTVDA,20001211010,1112,11211,11211112111
2167|BGC0001657|lesB_AMP-binding.2|glutamine,TTVNFDAAQWE,AQAV,FCGGE,LYGPTETTIQV,20001211011,1112,11211,11211112111
2168|BGC0001657|lesB_AMP-binding.3|tryptophan,PPLAFDASLAA,WISG,ILGGE,EYGPTEAAVWC,20001211011,1112,11211,11211112111
2195|BGC0001716|XNC2_2370_AMP-binding.3|lysine,ANIGFDIFIEE,ISVP,IVGGE,TYGPTETTIVA,20001211011,1112,11211,11211112111
2198|BGC0001716|XNC2_2371_AMP-binding.1|histidine,SSFAFDSSVPA,VVLI,ICAGE,EYGPTETTVWS,20001211011,1112,11211,11111112111
"2202|BGC0001716|XNC2_2373_AMP-binding.2|2,4-diaminobutyric-acid",AASSSDVSVWQ,IQTA,MIIAE,GYGPSEASDDI,20001211011,1112,11211,11211112111
2203|BGC0001716|XNC2_2373_AMP-binding.1|lysine,SSVSFDISVEE,TSLP,ILGGE,TYGPTETTVTA,20001211011,1112,11211,11211112111
2214|BGC0001758|RBRH_RS12370_AMP-binding.1|leucine,AGMAFDASAWE,AFLV,LTGGE,QYGPTEATVVA,20001211011,1112,11211,11211112111
2217|BGC0001758|RBRH_RS12370_AMP-binding.4|alanine,TSISFDLSVYE,INTV,NLAGE,LYGPSESTTYS,20001211011,1112,11211,11211112111
"2234|BGC0001780|ARR97036.1_AMP-binding.1|3,4-dihydroxybenzoic-acid",TSINFMPSLWE,LAAV,ICGGE,DYGATEMNGVL,20001011011,1112,11211,11211111111
2268|BGC0001801|SVEN_0510_AMP-binding.1|salicylic-acid,LPVEHNFALGC,TSLV,QVGGA,VYGMAEGLLNF,20001211011,1112,11211,11211112111
2289|BGC0001813|IF71_RS0139180_AMP-binding.3|leucine,ASIAFDASTFD,VLLT,WTGGE,VYGPTEVTMAA,20001211011,1112,11211,11211112111
2295|BGC0001814|ulmA_AMP-binding.3|leucine,TSPSFDASLIE,ALIL,LVGAE,GYGPTEATIAT,20001211011,1112,11211,11211112111
"2299|BGC0001818|vzb7_AMP-binding.1|(2S,6R)-diamino-(5R,7)-dihydroxy-heptanoic-acid",ANPAFDVSVFD,ADVP,FVGLE,GYGPTEATVAC,20001211011,1112,11211,11211112111
2310|BGC0001834|arg3_AMP-binding.3|tryptophan,ASCSFDGAIWE,AALP,LVAGE,AYGPCEASVTS,20001211011,1112,11211,11211112111
2311|BGC0001834|arg3_AMP-binding.4|tryptophan,TTATCDGSIWE,VALT,TLAGE,VYGPTEATVTT,20001211011,1112,11211,11211112111
2351|BGC0001945|cmxB_AMP-binding.1|valine,APISFDAATLE,LWLT,LTGGD,GYGPTENTTFT,20001211011,1112,11211,11211112111
2382|BGC0001975|QBG38784.1_AMP-binding.4|asparagine,TPLGFDLTKTS,VKLT,VVGGE,EYGPTETVVGC,20001211011,1112,11211,11211112111
2404|BGC0001984|speA_AMP-binding.5|leucine,SPHAWDASILE,LFLT,ATGGD,AYGPTEVTVMA,20001211011,1112,11211,11211112111
2409|BGC0001999|BGRAMDRAFT_RS22640_AMP-binding.1|graminine,STINFDVALHE,ARIP,TVGGE,LYGPTETTVAA,20001211011,1112,11211,11211112111
2423|BGC0002044|DPH57_09140_AMP-binding.2|aspartic-acid,SSFGFDMAVKA,MECT,LLGGE,MYGPTECSVDA,20001110110,1112,11211,11211112111
2439|BGC0002048|RBRH_03864_AMP-binding.1|pyrrole-2-carboxylic-acid,APLHFDLSIFD,WYSA,LFAGE,LYGPTETNVCT,20001211011,1112,11211,11111112111
2473|BGC0002079|QEO75077.1_AMP-binding.1|phenylalanine,ASPSFDSAFFE,LVLP,VVAGE,GYGPTESTVAA,20001211011,1112,11211,11211112111
2477|BGC0002091|yruck0001_11740_AMP-binding.1|cysteine,APAGFDLSVYD,WNTV,LMSGD,LGGATEGSIWS,20001211011,1112,11211,11111112111
2501|BGC0002108|cip22_AMP-binding.5|lysine,AVFSFDTAWDG,LDLT,MLGGE,FYGPTEATIDT,20001211110,1112,11211,11211112111
2517|BGC0002117|FRY77_09865_AMP-binding.1|aspartic-acid,GSLATDLGNTA,LKIV,ILGGE,HYGPTEATVGV,20001211011,1112,11211,11211112111
2533|BGC0002125|frsE_AMP-binding.1|phenylalanine,ASLSFGAALFE,VVLP,MVAGE,GYGSSEVTVCA,20001211011,1112,11211,11211112111
2542|BGC0002126|J5226_16945_AMP-binding.5|asparagine,SPLCFDATLTT,FKIT,VVGGE,EYGPTETVVGC,20001211011,1112,11211,11211112111
2552|BGC0002286|plu3123_AMP-binding.5|tryptophan,CNPSFDVCASE,IAIP,CIGGE,CYGPTEATITT,20001211011,1112,11211,11211112111
2562|BGC0002288|HUT15_07650_AMP-binding.1|benzoxazolinate,CPPGVGMVEVD,TLQT,RVAGE,VYGSTEANVVA,20001211111,1112,11211,11211112110
2623|BGC0002359|FM076_21195_AMP-binding.1|lysine,ASFLFDTSWEA,LDLT,MVGGE,YYGPTECAVDA,20001211010,1112,11211,11211112111
2627|BGC0002360|UEF20578.1_AMP-binding.2|aspartic-acid,TSFSFDLSITA,LKAT,LLGGE,VYGPTEATVNC,20001211011,1112,11211,11211112111
2632|BGC0002360|UEF20583.1_AMP-binding.1|tyrosine,LSPNFDGCISE,AIMT,AFAGE,LYGPAEAAVWA,20001211011,1112,11211,11211112111
2637|BGC0002367|SCAB_3321_AMP-binding.4|asparagine,TSLAFDMPVTT,LKVT,VIGGE,EYGPTEATVGC,20001211010,112,11211,11211112111
2641|BGC0002370|AGRA3207_002707_AMP-binding.3|tryptophan,ASCGHDGSVWE,AALT,LAAGE,VYGPCEATVTT,20001211011,1112,11211,11211112111
"2668|BGC0002378|copB_AMP-binding.3|2,3-diaminopropionic-acid",APLTFDISVWQ,LEVV,MVTGE,AYGPTECSDDV,20001211011,1112,11211,11211112111
283|BGC0001056|zmn16_AMP-binding.1|aspartic-acid,TSQMFDPFLRD,THQI,LLAGE,LYGPTETTLAK,20001211011,1112,11211,11211111111
2881|BGC0002637|DMH18_08095_AMP-binding.2|tryptophan,VSPSFDVSMGD,VVLP,VTGGE,EYGVTEATVTS,20001211011,1112,11211,11211112111
294|BGC0001058|zbmIV_AMP-binding.1|beta-alanine,APLGFVDSVAE,LLTV,VTSGE,LYGSAEVAADA,20001211011,1112,11211,11211112111
295|BGC0001058|zbmIV_AMP-binding.2|cysteine,SSLHFDLGVYD,WNSV,LLSGD,MGGATEASIWS,20001211011,1112,11211,11211112111
2992|BGC0002713|PluTT01m_04610_AMP-binding.1|valine,ASWSFDAMILE,AVLP,LLAGE,VYGPTECTAIV,20001211011,1112,11211,11211112111
346|BGC0001102|BTH_II2088_AMP-binding.1|propionic-acid,REGLNVFLAWE,LVVT,FLMGE,AYSTWESLDVC,210011,1112,11211,11211111110
34|BGC0000380|leuE_AMP-binding.1|proline,TACHFDVFFQE,WFVP,ITAGE,QYGPSETHVVT,20001211011,1112,11211,11211112110
373|BGC0001116|visE_AMP-binding.2|2-aminobutyric-acid,SPYSFDTSQYE,MWLT,WTGGD,GYGPTETTTFS,20001211011,1112,11211,11211112111
388|BGC0001130|Xbud_02640_AMP-binding.3|asparagine,ASISFDATITS,AKIT,VIGGE,EYGPTEATVGC,20001211011,1112,11211,11211112111
3|BGC0000034|fscA_AMP-binding.1|para-aminobenzoic-acid,CPLTHCFGLQS,VVAV,LTAGA,VWGMSEAGNGT,20001212011,112,11211,11211112111
405|BGC0001202|AKA59440.1_AMP-binding.1|leucine,SSISFDAFHFE,MLVP,HTGGD,LYGPTEATTAC,20001211011,1112,11211,11211112111
409|BGC0001203|AKA59447.1_AMP-binding.4|alanine,INVAFDMAQAE,ASAA,VFGGA,GYGPTETTVFA,20001211011,1112,11211,11211112211
418|BGC0001230|sln7_AMP-binding.1|4-hydroxyphenylglycine,SPYAFDISTYE,FMVT,WTGGD,LYGPTETTLGA,20001211011,1112,11211,11211112111
449|BGC0001344|tubB_AMP-binding.1|pipecolic-acid,ASLNFDICYQE,LYLP,ITAGE,QYGPSECHVVT,20001011011,1112,11211,11211112111
450|BGC0001344|tubC_AMP-binding.1|isoleucine,SNASFDAATFE,LFVT,LFGGE,VYGPTENTTFS,20001211011,1112,11211,11211112111
463|BGC0001363|RSp0642_AMP-binding.5|beta-alanine,TSIGFVDAVTE,LVVV,VCSGE,FYGSSEVNGDA,20001211011,1112,11211,11211112111
46|BGC0000393|MXAN_3779_AMP-binding.8|beta-lysine,ASISWDTSAEE,LNLP,VIGGE,TYGLTEVTAVA,20001211011,1112,11211,11211112111
502|BGC0001421|mchC_AMP-binding.3|proline,APLNFDVSFQE,LFLP,ITAGD,HYGPTESHVIT,20001210011,1112,11211,11211112111
56|BGC0000429|sky30_AMP-binding.4|tryptophan,VSTNFDVSVGD,VMLP,VSGGE,AYGPTETTVAA,20001211011,1112,11211,11211112111
573|BGC0001455|antaF_AMP-binding.1|anthanilic-acid,CPLYHGSMVVS,MWMV,LYGAA,VYGMTEVGGPF,20001111010,1112,11211,11211112111
581|BGC0001519|STRAU_0349_AMP-binding.1|leucine,TPPTSDALPLE,AWLP,WTGGD,GHGPAETTVLA,20001211011,1111,11211,11211112110
587|BGC0001611|gnmS_AMP-binding.1|1-aminocyclopropane-1-carboxylic-acid,HETTFDLAMCD,WHST,VFAGE,IYGPTELTIAC,20001211011,1112,11211,11211112111
604|BGC0001630|kasC_AMP-binding.1|arginine,SSPDFDVAAEE,LNLP,VVGSE,AYGTTETTITT,20001211011,1112,11211,11211112111
619|BGC0001711|JM78_19305_AMP-binding.1|asparagine,SSLCFDFTLTN,LKLT,IVGGE,EYGPTEATVGC,20001211011,1112,11211,11211112111
625|BGC0001728|PPE_RS24100_AMP-binding.2|valine,CAFVFDVSTFE,MWLT,LVGGD,GYGPTENTTFS,20001211011,1112,11211,11211112111
627|BGC0001728|PPE_RS24100_AMP-binding.4|tyrosine,ASYSFDTSCSE,ATLP,LTAGS,AYGPTENSVAT,20001211011,1112,11211,11211112111
630|BGC0001740|ptxB_AMP-binding.1|glycine,TTVCFDISGLE,MQAT,LCGGE,LYGPTETTIWS,20001011011,1112,11211,11211112111
655|BGC0001829|tmcG_AMP-binding.2|leucine,SSVGFDATQWE,TYLS,LFAAA,NYGPTEGSVVA,20001211011,1112,11211,11211112111
674|BGC0001902|benD_AMP-binding.1|lysine,STLSFDNSVEE,LSQP,GFGGE,TYGPTEATVAA,20001211011,1112,11211,11211112111
67|BGC0000459|AGN74886.1_AMP-binding.1|proline,STLAFDPAPLE,LYTT,VQAGE,LYGPTETHVVT,20001211011,1112,11211,11211112111
68|BGC0000459|AGN74892.1_AMP-binding.1|glycine,TTASFDISVLE,LQAT,LCGGE,VYGPTEATIWS,20001211011,1112,11211,11211112111
710|BGC0002025|thxC2_AMP-binding.2|tyrosine,SRSSFDASISE,ATLP,IVAGE,AYGPTEVTVCA,20001211011,1112,11211,11211112111
712|BGC0002025|thxC2_AMP-binding.4|beta-alanine,TTLSFVDSIWE,IVLV,TTSGE,LYGSSEVSADA,20001211011,1112,11211,11211112111
713|BGC0002025|thxC2_AMP-binding.5|tyrosine,ARQSFDAAISE,VTLP,IVAGE,AYGPTETTVCA,20001211011,1112,11211,11211112111
742|BGC0002118|J6386_25975_AMP-binding.1|glycine,TTICFDIAVLE,VQAT,LCGGE,MYGPTETTVWS,20001211011,1112,11211,11211112111
746|BGC0002123|KGB56_24760_AMP-binding.1|glutamine,TPMGFDAAIWE,VQFV,FCGGG,LYGPTECTVDS,20001211011,1112,11211,11211112111
79|BGC0000955|almB_AMP-binding.3|glycine,TNYVFDIFGLE,IQMT,LVGGE,VYGPTETTIWS,20001211011,1112,11211,11211112111
"848|BGC0000419|AJAP_32130_AMP-binding.1|3,5-dihydroxyphenylglycine",ATHVFDPSLYA,LTAG,GTGGD,TYGPTETTLCA,20001211011,1212,11211,11211112111
"852|BGC0000419|AJAP_32140_AMP-binding.1|3,5-dihydroxyphenylglycine",APHTFDPALYE,FTAG,QTGGD,TYGPTETTFCA,20001211011,1110,11211,11211112111
853|BGC0000419|AJAP_32145_AMP-binding.2|tyrosine,AALGFDTIVSE,VKAP,TAAGE,AYGPTETTICA,20001211011,1112,11211,11211112111
885|BGC0000291|lptB_AMP-binding.2|aspartic-acid,SPLTFDLSATA,VKAT,VLGGE,AYGPTELTVNC,20001211011,112,11211,11211112111
904|BGC0000300|SSMG_02538_AMP-binding.2|ornithine,APLGFDISINE,TYLP,WCGGE,GYGPAEATIGV,20001211011,1112,11211,11211112111
906|BGC0000300|SSMG_02542_AMP-binding.1|salicylic-acid,LPASHNFALCS,TGVV,QVGGA,VFGMAEGLLNF,20001211011,1112,11211,11211111111
6m2u,AKLFFAYGLGN,FYGA,SSAGE,GIGSTEMLAAF,20001211011,1112,11211,11211112111
8k4r,CCSLFDLFCAW,WFST,FFAGE,LYGPTELTVTV,20001211011,1112,11211,11211112111
6iyk,IPAAHGYAMSS,TALV,QVGGA,VFGMAEGLVNY,20001211011,1112,11211,11211112111
8g95,FSVAFDMSFEE,LHAV,NLGGE,TYGPTETTVSA,20001211011,1112,11211,11211112111
1ult,VPMFHVNAWCL,GVPT,VVGGS,GYGLTETSPVV,20001211011,1112,11211,11211112111
8biq,GWAKFAWSSFF,FCAP,VSAGE,FYGQTETTAMV,20001211011,1112,11211,11211112111
4wv3,AKLFFTFGTGG,FYNA,VSASE,GIGCTENFHIF,20001211011,1112,11211,11211112111
8hlk,ARIAFDAAVWE,SFLP,LTGGD,NYGPTENSVVT,20001211011,1112,11211,11211112111
7ywk,ASMSFAASVSE,ITLP,ITAGS,AYGLTETSCSA,20001211011,1112,11211,11211112111
6n8e,HAYVFDASVWE,FGQI,CFGGE,MYGITETTINA,20001211011,1112,11211,11211112111
5jjq,APFQFDFSLLD,VNGA,LFSGE,CFGSTESVAAS,20001211011,1112,11211,11211112111
4gr5,SPVSWDAFGLE,LQLS,ITGGE,GYGPAESMGFT,20001211011,1112,11211,11211112111
7dq5,SPLQFDFALFD,VHGV,LFTGE,GYGATESMACS,20001211011,1112,11211,11211112111
6akd,FDLNFDCAVFD,WFST,LFAGE,LYGPTELTITV,20001211011,1112,11211,11211112111
6vht,ADISFAASANE,LFLS,VVSGD,NGLGCTENSAI,20001211011,1112,11211,11211112111
5oe3,PKMFFGYGMGN,FGVP,FSAGS,DGIGATEVGHV,20001211011,1112,11211,11211112111
7tyb,LPMAHNFTLCC,TALV,QVGGS,VLGMAEGLICY,20001211011,1112,11211,11211112111
